{"train/kl_div/Qwen2.5-3B-Instruct":0,"reward/success_rate/Qwen2.5-3B-Instruct":0.537109375,"reward/mean/Qwen2.5-3B-Instruct":0.537109375,"train/loss/Qwen2.5-3B-Instruct":0.01687417689065576,"_wandb":{"runtime":179},"train/entropy/Qwen2.5-3B-Instruct":0.2550199627876282,"train/step":1,"train/clip_ratio/Qwen2.5-3B-Instruct":0.00022619465016759932,"_step":1,"train/grad_norm/Qwen2.5-3B-Instruct":0.00848388671875,"_runtime":179.463371791,"_timestamp":1.7603811085495074e+09}