{"reward/success_rate/Qwen2.5-3B-Instruct":0.4794921875,"train/entropy/Qwen2.5-3B-Instruct":0.26849034428596497,"train/loss/Qwen2.5-3B-Instruct":0.02394132431908355,"_wandb":{"runtime":318},"_timestamp":1.7603769820711825e+09,"train/kl_div/Qwen2.5-3B-Instruct":0,"train/grad_norm/Qwen2.5-3B-Instruct":0.007598876953125,"_runtime":318.715241599,"train/step":1,"train/clip_ratio/Qwen2.5-3B-Instruct":0.00035941723035648465,"reward/mean/Qwen2.5-3B-Instruct":0.4794921875,"_step":1}