{"_runtime":156.360718969,"_wandb":{"runtime":156},"train/grad_norm/Qwen2.5-3B-Instruct":0.009521484375,"_step":1,"_timestamp":1.7603782940627003e+09,"train/kl_div/Qwen2.5-3B-Instruct":0,"train/clip_ratio/Qwen2.5-3B-Instruct":0.00024028413463383913,"reward/mean/Qwen2.5-3B-Instruct":0.513671875,"train/loss/Qwen2.5-3B-Instruct":0.013502090044683984,"train/step":1,"reward/success_rate/Qwen2.5-3B-Instruct":0.513671875,"train/entropy/Qwen2.5-3B-Instruct":0.2600952684879303}