{"train/entropy/Qwen2.5-3B-Instruct":0.26758235692977905,"_step":1,"train/kl_div/Qwen2.5-3B-Instruct":0,"_runtime":315.316074852,"train/clip_ratio/Qwen2.5-3B-Instruct":0.00032499240478500724,"_wandb":{"runtime":315},"train/grad_norm/Qwen2.5-3B-Instruct":0.007568359375,"reward/mean/Qwen2.5-3B-Instruct":0.4677734375,"reward/success_rate/Qwen2.5-3B-Instruct":0.4677734375,"train/loss/Qwen2.5-3B-Instruct":0.016689428624735367,"train/step":1,"_timestamp":1.760377509795149e+09}